{
  "_fv": 77,
  "_type": "livingentity",
  "definition": {
    "mobName": "Woolly Mouse",
    "mobLabel": "",
    "mobModelName": "Modelwoollymouse",
    "mobModelTexture": "woollymousetexture.png",
    "transparentModelCondition": {
      "fixedValue": false
    },
    "isShakingCondition": {
      "fixedValue": false
    },
    "solidBoundingBox": {
      "fixedValue": false
    },
    "visualScale": {
      "fixedValue": 1.0,
      "name": "MouseModelVisualScale"
    },
    "boundingBoxScale": {
      "fixedValue": 1.0
    },
    "modelLayers": [
      {
        "model": "Default",
        "texture": "woollymouseshearedtexture.png",
        "disableHurtOverlay": false,
        "glow": false,
        "condition": {
          "name": "WoollyMouseDisplayCondition"
        }
      }
    ],
    "animations": [
      {
        "animation": {
          "value": "CUSTOM:woollymouseAnimation.walk"
        },
        "speed": 4.0,
        "condition": {
          "name": "MousePlaybackCondition"
        },
        "walking": true,
        "amplitude": 5.0
      },
      {
        "animation": {
          "value": "CUSTOM:woollymouseAnimation.run"
        },
        "speed": 4.0,
        "condition": {
          "name": "MouseRunPlaybackCondition"
        },
        "walking": false,
        "amplitude": 1.0
      }
    ],
    "modelWidth": 0.6,
    "modelHeight": 1.8,
    "modelShadowSize": 0.30000000000000004,
    "mountedYOffset": 0.0,
    "hasSpawnEgg": true,
    "spawnEggBaseColor": {
      "value": -8955073,
      "falpha": 0.0
    },
    "spawnEggDotColor": {
      "value": -10003881,
      "falpha": 0.0
    },
    "creativeTabs": [
      {
        "value": "MISC"
      }
    ],
    "isBoss": false,
    "bossBarColor": "PINK",
    "bossBarType": "PROGRESS",
    "equipmentMainHand": {
      "value": ""
    },
    "equipmentOffHand": {
      "value": ""
    },
    "equipmentHelmet": {
      "value": ""
    },
    "equipmentBody": {
      "value": ""
    },
    "equipmentLeggings": {
      "value": ""
    },
    "equipmentBoots": {
      "value": ""
    },
    "mobBehaviourType": "Creature",
    "mobCreatureType": "UNDEFINED",
    "attackStrength": 1,
    "attackKnockback": 0.0,
    "knockbackResistance": 0.0,
    "movementSpeed": 0.25,
    "stepHeight": 0.6,
    "armorBaseValue": 0.0,
    "trackingRange": 16,
    "followRange": 6,
    "health": 2,
    "xpAmount": 1,
    "waterMob": false,
    "breatheUnderwater": {
      "fixedValue": false
    },
    "pushedByFluids": {
      "fixedValue": true
    },
    "flyingMob": false,
    "inventorySize": 0,
    "inventoryStackSize": 64,
    "disableCollisions": false,
    "ridable": false,
    "canControlForward": false,
    "canControlStrafe": false,
    "immuneToFire": false,
    "immuneToArrows": false,
    "immuneToFallDamage": false,
    "immuneToCactus": false,
    "immuneToDrowning": false,
    "immuneToLightning": false,
    "immuneToPotions": false,
    "immuneToPlayer": false,
    "immuneToExplosion": false,
    "immuneToTrident": false,
    "immuneToAnvil": false,
    "immuneToWither": false,
    "immuneToDragonBreath": false,
    "mobDrop": {
      "value": ""
    },
    "livingSound": {
      "value": "CUSTOM:entity.mouse.squeaks"
    },
    "hurtSound": {
      "value": "CUSTOM:entity.mouse.hurts"
    },
    "deathSound": {
      "value": "entity.generic.death"
    },
    "stepSound": {
      "value": ""
    },
    "raidCelebrationSound": {
      "value": ""
    },
    "entityDataEntries": [
      {
        "name": "IsWooled",
        "type": "logic",
        "value": true
      },
      {
        "min": -2147483648,
        "max": 2147483647,
        "name": "timesincesheared",
        "type": "integer",
        "value": 0
      }
    ],
    "onRightClickedOn": {
      "name": "WoollyMouseRightClickedOnEntity"
    },
    "onMobTickUpdate": {
      "name": "WoollyMouseOnEntityTickUpdate"
    },
    "hasAI": true,
    "aiBase": "(none)",
    "aixml": "<xml xmlns=\"https://developers.google.com/blockly/xml\"><block type=\"aitasks_container\" deletable=\"false\" x=\"115\" y=\"66\"><next><block type=\"panic_when_attacked\"><field name=\"speed\">1.2</field><field name=\"condition\">null,null</field><next><block type=\"avoid_entity\"><field name=\"entity\">EntityCat</field><field name=\"radius\">10</field><field name=\"farspeed\">1.2</field><field name=\"nearspeed\">1.2</field><field name=\"condition\">null,null</field><next><block type=\"avoid_entity\"><field name=\"entity\">EntityOcelot</field><field name=\"radius\">10</field><field name=\"farspeed\">1.2</field><field name=\"nearspeed\">1.2</field><field name=\"condition\">null,null</field><next><block type=\"avoid_entity\"><field name=\"entity\">EntityFox</field><field name=\"radius\">10</field><field name=\"farspeed\">1.2</field><field name=\"nearspeed\">1.2</field><field name=\"condition\">null,null</field><next><block type=\"breed\"><field name=\"speed\">1</field><field name=\"condition\">null,null</field><next><block type=\"follow_item_in_hands\"><field name=\"speed\">1</field><field name=\"scared\">FALSE</field><field name=\"condition\">null,null</field><value name=\"item\"><block type=\"mcitem_all\"><field name=\"value\">Items.WHEAT_SEEDS</field></block></value><next><block type=\"wander_avoid_water\"><field name=\"speed\">0.5</field><field name=\"condition\">null,null</field><next><block type=\"look_around\"><field name=\"condition\">null,null</field><next><block type=\"swim_in_water\"><field name=\"condition\">null,null</field><next><block type=\"break_blocks\"><field name=\"speed\">1</field><field name=\"y_max\">3</field><field name=\"condition\">null,null</field><value name=\"block\"><block type=\"mcitem_allblocks\"><field name=\"value\">Blocks.DOUBLE_PLANT#2</field></block></value></block></next></block></next></block></next></block></next></block></next></block></next></block></next></block></next></block></next></block></next></block></xml>",
    "breedable": true,
    "tameable": false,
    "breedTriggerItems": [
      {
        "value": "Items.WHEAT_SEEDS"
      },
      {
        "value": "Items.PUMPKIN_SEEDS"
      },
      {
        "value": "Items.MELON_SEEDS"
      },
      {
        "value": "Items.BEETROOT_SEEDS"
      }
    ],
    "ranged": false,
    "rangedAttackItem": {
      "value": ""
    },
    "rangedItemType": "Default item",
    "rangedAttackInterval": 20,
    "rangedAttackRadius": 10.0,
    "spawnThisMob": true,
    "doesDespawnWhenIdle": true,
    "spawningProbability": 20,
    "mobSpawningType": "creature",
    "minNumberOfMobsPerGroup": 1,
    "maxNumberOfMobsPerGroup": 3,
    "restrictionBiomes": [
      {
        "value": "snowy_slopes"
      },
      {
        "value": "cold_beach"
      },
      {
        "value": "snowy_tundra"
      },
      {
        "value": "taiga_cold"
      },
      {
        "value": "mutated_redwood_taiga"
      },
      {
        "value": "taiga"
      }
    ],
    "spawnInDungeons": false,
    "raidSpawnsCount": [
      4,
      3,
      3,
      4,
      4,
      4,
      2
    ]
  }
}